PROVNUM,emp_hrs_nurse,ctr_hrs_nurse,total_hrs_nurse,emp_ctr_ratio_nurse,emp_hrs_non,ctr_hrs_non,total_hrs_non,emp_ctr_ratio_non,emp_hrs,ctr_hrs,total_hrs
345000,1305.9230769230767,60.04384615384615,1365.9669230769227,21.74949075675468,138.82692307692307,178.61538461538458,317.4423076923076,0.7772394487510768,1444.7499999999998,238.65923076923073,1683.4092307692306
345001,2775.577692307692,181.87538461538463,2957.4530769230764,15.26087600131958,1185.1584615384616,6.538461538461538,1191.696923076923,181.2595294117647,3960.7361538461537,188.41384615384618,4149.15
345002,1604.2307692307693,0.0,1604.2307692307693,inf,630.7307692307693,36.63461538461539,667.3653846153846,17.216797900262467,2234.9615384615386,36.63461538461539,2271.596153846154
345003,1489.8846153846152,0.0,1489.8846153846152,inf,520.8269230769231,5.75,526.5769230769231,90.57859531772576,2010.7115384615383,5.75,2016.4615384615383
345004,1060.5384615384617,218.59615384615384,1279.1346153846155,4.8515879299727285,147.23076923076923,119.78076923076924,267.01153846153846,1.2291686735381946,1207.769230769231,338.37692307692305,1546.146153846154
345006,2203.6730769230767,453.5500000000001,2657.223076923077,4.858721369028941,207.84615384615384,339.57384615384615,547.42,0.6120793936291189,2411.5192307692305,793.1238461538462,3204.6430769230765
345008,1218.766923076923,324.4307692307691,1543.197692307692,3.756631733687406,160.05230769230772,177.43999999999997,337.4923076923077,0.9020080460567389,1378.8192307692307,501.87076923076904,1880.6899999999996
345009,2095.746923076923,0.0,2095.746923076923,inf,521.2169230769232,0.0,521.2169230769232,inf,2616.963846153846,0.0,2616.963846153846
345010,1080.7615384615383,332.67230769230764,1413.433846153846,3.248727091108367,114.63153846153845,154.56923076923076,269.2007692307692,0.7416193888723002,1195.3930769230767,487.2415384615384,1682.6346153846152
345011,761.7338461538461,990.5430769230765,1752.2769230769227,0.7690062793836484,148.25769230769228,206.42384615384614,354.6815384615384,0.7182197942247279,909.9915384615384,1196.9669230769225,2106.958461538461
345013,2536.4169230769226,1.25,2537.6669230769226,2029.1335384615381,203.06230769230766,191.8223076923077,394.88461538461536,1.0585958960416089,2739.47923076923,193.0723076923077,2932.551538461538
345014,1169.5100000000002,368.7207692307693,1538.2307692307695,3.1718039709014745,104.89461538461539,157.27769230769232,262.1723076923077,0.6669389272281755,1274.4046153846157,525.9984615384616,1800.4030769230772
345015,2124.346153846154,15.423076923076923,2139.769230769231,137.73815461346632,450.4307692307693,15.489230769230769,465.92,29.080254270957493,2574.776923076923,30.912307692307692,2605.689230769231
345024,2120.0192307692305,0.0,2120.0192307692305,inf,376.843076923077,25.999999999999996,402.843076923077,14.493964497041425,2496.8623076923077,25.999999999999996,2522.8623076923077
345026,2485.9000000000005,0.0,2485.9000000000005,inf,566.1784615384615,0.0,566.1784615384615,inf,3052.078461538462,0.0,3052.078461538462
345036,3041.35153846154,2.1153846153846154,3043.4669230769246,1437.7298181818187,259.07769230769236,811.7938461538461,1070.8715384615384,0.31914222254229013,3300.429230769232,813.9092307692307,4114.338461538463
345039,1827.6000000000004,1.723076923076923,1829.3230769230772,1060.6607142857147,458.3907692307693,0.0,458.3907692307693,inf,2285.9907692307697,1.723076923076923,2287.7138461538466
345044,1597.4699999999993,249.2376923076923,1846.7076923076916,6.409423812301508,73.85923076923078,317.6700000000001,391.5292307692308,0.2325030086858399,1671.3292307692302,566.9076923076924,2238.2369230769227
345045,1787.6384615384623,311.2384615384615,2098.876923076924,5.743629668075434,432.0053846153847,0.0,432.0053846153847,inf,2219.643846153847,311.2384615384615,2530.882307692308
345048,2076.956153846154,44.70538461538462,2121.6615384615384,46.458747010341206,556.0876923076929,322.65076923076913,878.738461538462,1.7234971843813054,2633.043846153847,367.35615384615375,3000.4000000000005
345049,1905.4423076923078,0.0,1905.4423076923078,inf,613.8653846153846,14.48076923076923,628.3461538461539,42.3917662682603,2519.3076923076924,14.48076923076923,2533.7884615384614
345050,1758.5146153846154,1092.3653846153848,2850.88,1.6098227206309523,220.3423076923077,262.4823076923077,482.8246153846154,0.8394558461083091,1978.856923076923,1354.8476923076923,3333.7046153846154
345051,1939.7046153846152,5.923076923076923,1945.627692307692,327.4825974025974,161.50230769230768,420.91615384615386,582.4184615384615,0.38369234874111596,2101.206923076923,426.83923076923077,2528.0461538461536
345053,1360.05,0.0,1360.05,inf,554.0961538461538,11.442307692307692,565.5384615384615,48.425210084033615,1914.1461538461538,11.442307692307692,1925.5884615384614
345054,2408.1153846153848,0.0,2408.1153846153848,inf,127.25000000000001,0.0,127.25000000000001,inf,2535.3653846153848,0.0,2535.3653846153848
345061,1568.5546153846153,0.0,1568.5546153846153,inf,507.3076923076923,0.0,507.3076923076923,inf,2075.8623076923077,0.0,2075.8623076923077
345063,958.6369230769233,474.97,1433.6069230769233,2.0183104681915136,141.93384615384616,146.78076923076924,288.7146153846154,0.9669784870162199,1100.5707692307694,621.7507692307693,1722.3215384615387
345066,2345.8769230769226,219.73846153846154,2565.6153846153843,10.675768395995236,146.61538461538458,257.61846153846164,404.23384615384623,0.569118314502066,2492.4923076923073,477.3569230769232,2969.8492307692304
345070,1915.7115384615388,77.46153846153845,1993.1730769230771,24.731132075471706,185.38461538461536,194.2115384615384,379.59615384615375,0.954549955441133,2101.0961538461543,271.67307692307685,2372.769230769231
345072,1705.0107692307693,0.0,1705.0107692307693,inf,164.21846153846155,285.63923076923083,449.8576923076924,0.5749156413011571,1869.2292307692308,285.63923076923083,2154.868461538462
345077,1617.3846153846152,0.0,1617.3846153846152,inf,723.4230769230769,11.384615384615385,734.8076923076923,63.54391891891891,2340.8076923076924,11.384615384615385,2352.1923076923076
345078,1542.1976923076923,54.13384615384615,1596.3315384615385,28.48860374570154,110.92538461538462,107.65,218.57538461538462,1.0304262388795598,1653.123076923077,161.78384615384616,1814.906923076923
345080,1383.3653846153845,405.26615384615377,1788.6315384615382,3.4134737665276007,292.0738461538462,4.977692307692307,297.0515384615385,58.67655694637615,1675.4392307692308,410.24384615384605,2085.683076923077
345081,1616.0653846153846,0.0,1616.0653846153846,inf,147.6438461538462,245.0415384615385,392.6853846153847,0.6025257884063614,1763.7092307692308,245.0415384615385,2008.7507692307693
345083,1690.9138461538462,39.15076923076923,1730.0646153846153,43.18979880540711,152.0730769230769,141.47615384615384,293.54923076923075,1.0749025386175437,1842.9869230769232,180.62692307692305,2023.6138461538462
345088,2843.4423076923076,0.0,2843.4423076923076,inf,190.9423076923077,232.6938461538461,423.6361538461538,0.8205730871200855,3034.3846153846152,232.6938461538461,3267.0784615384614
345089,1779.3384615384616,0.0,1779.3384615384616,inf,137.02999999999997,197.9292307692308,334.95923076923077,0.6923181556733562,1916.3684615384616,197.9292307692308,2114.297692307692
345090,2177.66,332.93384615384616,2510.5938461538462,6.540818919905548,257.35076923076923,353.03615384615375,610.386923076923,0.7289643466456913,2435.0107692307693,685.9699999999999,3120.980769230769
345091,851.8507692307692,37.53846153846153,889.3892307692307,22.692745901639345,117.49923076923079,129.4930769230769,246.9923076923077,0.9073784758317941,969.3499999999999,167.03153846153845,1136.3815384615384
345092,2384.8200000000006,1107.3807692307691,3492.2007692307698,2.1535681910537345,350.316923076923,363.25076923076927,713.5676923076923,0.9643941671996032,2735.1369230769237,1470.6315384615384,4205.768461538462
345093,3549.8100000000004,0.0,3549.8100000000004,inf,95.44615384615383,236.6969230769231,332.14307692307693,0.40324205572852,3645.256153846154,236.6969230769231,3881.9530769230773
345095,1604.526923076923,0.0,1604.526923076923,inf,237.6161538461539,277.21692307692314,514.833076923077,0.857148803214367,1842.143076923077,277.21692307692314,2119.36
345096,2355.0123076923064,0.0,2355.0123076923064,inf,149.84615384615384,239.65615384615384,389.5023076923077,0.6252547720612545,2504.8584615384602,239.65615384615384,2744.514615384614
345097,1374.3569230769233,0.0,1374.3569230769233,inf,116.26615384615383,248.3030769230769,364.5692307692307,0.46824290414319963,1490.6230769230772,248.3030769230769,1738.9261538461542
345102,2134.961538461538,0.0,2134.961538461538,inf,148.92307692307693,269.45461538461535,418.3776923076923,0.5526833404226773,2283.8846153846152,269.45461538461535,2553.3392307692307
345103,3921.173076923077,0.0,3921.173076923077,inf,138.4230769230769,0.0,138.4230769230769,inf,4059.5961538461543,0.0,4059.5961538461543
345104,1320.980769230769,0.0,1320.980769230769,inf,556.6538461538461,9.923076923076923,566.576923076923,56.096899224806194,1877.6346153846152,9.923076923076923,1887.5576923076922
345106,2463.3846153846157,0.0,2463.3846153846157,inf,293.8076923076923,113.10000000000001,406.90769230769234,2.5977691627559,2757.192307692308,113.10000000000001,2870.292307692308
345109,1915.5830769230763,0.0,1915.5830769230763,inf,171.48076923076923,225.61692307692306,397.0976923076923,0.7600527783649618,2087.0638461538456,225.61692307692306,2312.6807692307684
345110,1780.8846153846155,10.5,1791.3846153846155,169.60805860805863,143.01923076923077,205.43538461538463,348.4546153846154,0.696176226101413,1923.9038461538462,215.93538461538463,2139.8392307692307
345111,1185.5615384615382,0.0,1185.5615384615382,inf,155.32,197.8746153846154,353.1946153846154,0.7849415130793781,1340.8815384615382,197.8746153846154,1538.7561538461537
345113,2759.180769230769,646.0576923076923,3405.2384615384613,4.270796249441881,253.90538461538455,339.7238461538462,593.6292307692307,0.7473875840331851,3013.0861538461536,985.7815384615385,3998.867692307692
345115,1378.2461538461541,958.6723076923073,2336.9184615384615,1.4376613810446186,241.5,198.26,439.76,1.2180974477958237,1619.7461538461541,1156.9323076923074,2776.6784615384613
345116,559.8361538461538,598.6992307692307,1158.5353846153844,0.9350874781095941,119.16769230769228,183.57076923076926,302.73846153846154,0.6491648578205007,679.0038461538461,782.27,1461.273846153846
345119,2165.371538461539,1349.576923076923,3514.9484615384617,1.6044817464162562,291.24230769230775,523.1961538461538,814.4384615384615,0.5566598789981696,2456.6138461538467,1872.773076923077,4329.386923076923
345123,1585.2115384615383,0.0,1585.2115384615383,inf,141.51923076923077,207.85230769230765,349.3715384615384,0.6808643711511134,1726.730769230769,207.85230769230765,1934.5830769230768
345124,2107.543846153846,0.0,2107.543846153846,inf,563.3007692307692,0.0,563.3007692307692,inf,2670.8446153846153,0.0,2670.8446153846153
345126,1591.309230769231,511.3446153846154,2102.653846153846,3.1120093629465604,360.67846153846153,47.53307692307692,408.21153846153845,7.587946854821744,1951.9876923076924,558.8776923076923,2510.8653846153848
345127,1738.846153846154,0.0,1738.846153846154,inf,195.98076923076923,133.02769230769232,329.0084615384616,1.473232872276449,1934.8269230769233,133.02769230769232,2067.8546153846155
345128,1022.5907692307691,912.5384615384614,1935.1292307692306,1.1206001854505605,129.61384615384617,235.48076923076923,365.0946153846154,0.5504222131482238,1152.2046153846152,1148.0192307692307,2300.223846153846
345129,1779.019230769231,87.3,1866.319230769231,20.378227156577676,167.01923076923077,314.06,481.0792307692308,0.5318067591200114,1946.0384615384617,401.36,2347.3984615384616
345130,1150.142307692308,44.394615384615385,1194.5369230769234,25.907247933741104,98.31307692307693,164.62461538461537,262.9376923076923,0.5971954843653628,1248.455384615385,209.01923076923075,1457.4746153846156
345131,757.8015384615385,1118.3630769230772,1876.1646153846157,0.6775988532690634,148.2246153846154,190.11384615384614,338.3384615384615,0.7796623885283313,906.0261538461539,1308.4769230769234,2214.503076923077
345132,1168.8415384615384,498.46153846153845,1667.3030769230768,2.344898148148148,139.21846153846153,203.0,342.2184615384615,0.6858052292535051,1308.06,701.4615384615385,2009.5215384615385
345133,1571.0553846153846,217.6307692307692,1788.6861538461537,7.218902870069278,172.97384615384615,258.7053846153847,431.6792307692308,0.668613242863132,1744.0292307692307,476.3361538461539,2220.3653846153848
345134,798.2323076923076,763.3292307692309,1561.5615384615385,1.0457248006707456,149.02076923076925,164.33000000000004,313.3507692307693,0.9068384910288396,947.2530769230768,927.6592307692309,1874.9123076923079
345137,2132.248461538461,175.5876923076923,2307.836153846153,12.143496127291204,133.16538461538462,468.9923076923077,602.1576923076923,0.2839393790286867,2265.4138461538455,644.5799999999999,2909.9938461538454
345138,1778.2307692307693,5.682307692307693,1783.913076923077,312.94165425747934,160.4423076923077,234.95153846153852,395.3938461538462,0.682874046038954,1938.673076923077,240.6338461538462,2179.3069230769233
345140,471.69615384615383,244.88461538461533,716.5807692307692,1.9261975812784675,163.33615384615385,19.943076923076923,183.27923076923076,8.190118028234206,635.0323076923077,264.82769230769225,899.8599999999999
345142,2320.7815384615387,541.8269230769231,2862.6084615384616,4.283252528837623,309.1615384615385,315.5107692307692,624.6723076923076,0.9798763421460687,2629.943076923077,857.3376923076924,3487.2807692307697
345143,2351.8438461538453,387.7561538461539,2739.5999999999995,6.0652650456373225,367.8738461538462,37.4623076923077,405.33615384615393,9.819839428348494,2719.7176923076913,425.2184615384616,3144.936153846153
345144,1663.1623076923079,567.8076923076923,2230.9700000000003,2.9290943575154107,190.39000000000001,157.81923076923078,348.20923076923077,1.2063802305461457,1853.552307692308,725.626923076923,2579.1792307692313
345145,1743.736923076923,289.1838461538462,2032.920769230769,6.029855907474349,0.0,0.0,0.0,,1743.736923076923,289.1838461538462,2032.920769230769
345146,2022.4476923076918,292.9807692307692,2315.428461538461,6.903004922874957,148.81307692307692,252.6107692307692,401.4238461538461,0.5891002880686006,2171.260769230769,545.5915384615384,2716.8523076923075
345149,1076.8746153846155,188.77769230769232,1265.6523076923079,5.704459050327817,121.00999999999998,252.18384615384616,373.19384615384615,0.47984834019137435,1197.8846153846155,440.96153846153845,1638.8461538461538
345150,952.9807692307693,486.45692307692303,1439.4376923076923,1.9590239629091992,333.80692307692306,4.258461538461537,338.0653846153846,78.38674132947979,1286.7876923076924,490.71538461538455,1777.503076923077
345151,2202.4423076923076,693.1430769230768,2895.5853846153846,3.177471406724775,338.15384615384613,242.5623076923077,580.7161538461538,1.3940906539477562,2540.596153846154,935.7053846153846,3476.3015384615383
345152,3395.1153846153848,0.0,3395.1153846153848,inf,313.28846153846155,264.2815384615384,577.5699999999999,1.1854345307742913,3708.403846153846,264.2815384615384,3972.6853846153845
345153,1798.5423076923075,0.0,1798.5423076923075,inf,326.5192307692308,113.92384615384617,440.44307692307694,2.8661183921783104,2125.0615384615385,113.92384615384617,2238.9853846153846
345155,2561.776153846154,108.86307692307693,2670.639230769231,23.532093950057234,924.2900000000001,306.81230769230774,1231.102307692308,3.012558417072828,3486.066153846154,415.6753846153847,3901.7415384615388
345156,2102.024615384615,0.0,2102.024615384615,inf,158.8676923076923,178.70769230769235,337.5753846153847,0.8889807162534432,2260.8923076923074,178.70769230769235,2439.6
345159,2027.2692307692307,0.0,2027.2692307692307,inf,825.3461538461538,5.461538461538462,830.8076923076923,151.11971830985914,2852.6153846153848,5.461538461538462,2858.0769230769233
345160,2697.385384615385,324.5769230769231,3021.962307692308,8.31046569498756,242.7146153846154,481.00692307692316,723.7215384615386,0.5045969272791532,2940.1000000000004,805.5838461538463,3745.6838461538464
345161,4005.3553846153845,0.0,4005.3553846153845,inf,345.03000000000003,337.00307692307695,682.033076923077,1.0238185453682231,4350.385384615384,337.00307692307695,4687.388461538461
345162,1345.0630769230772,35.053076923076915,1380.1161538461542,38.37218284359983,190.25230769230768,201.06230769230768,391.31461538461537,0.9462355718280977,1535.315384615385,236.11538461538458,1771.4307692307696
345163,1746.4038461538462,196.4230769230769,1942.826923076923,8.891031916976699,186.4230769230769,123.58999999999997,310.0130769230769,1.5083993601673027,1932.826923076923,320.0130769230769,2252.84
345164,1402.8999999999999,150.1153846153846,1553.0153846153844,9.34547783756085,146.9653846153846,150.68769230769232,297.6530769230769,0.9752978651719807,1549.8653846153845,300.8030769230769,1850.6684615384615
345165,2026.0384615384614,1.9423076923076925,2027.980769230769,1043.108910891089,148.03846153846155,217.5,365.53846153846155,0.6806366047745358,2174.076923076923,219.44230769230768,2393.5192307692305
345166,878.0907692307691,0.0,878.0907692307691,inf,155.33692307692309,13.276923076923076,168.61384615384617,11.699768250289688,1033.4276923076923,13.276923076923076,1046.7046153846154
345167,2200.711538461539,292.72923076923075,2493.4407692307695,7.517908384750415,213.14615384615388,7.496153846153846,220.64230769230772,28.434068753206777,2413.857692307693,300.2253846153846,2714.0830769230774
345168,2854.493846153846,37.5076923076923,2892.001538461538,76.10422477440525,874.8953846153847,6.059230769230768,880.9546153846155,144.39050399898443,3729.3892307692304,43.56692307692307,3772.9561538461535
345169,2504.234615384615,0.6538461538461539,2504.8884615384613,3830.0058823529407,436.27769230769223,7.077692307692308,443.35538461538454,61.64123464840777,2940.5123076923073,7.731538461538462,2948.243846153846
345170,2205.724615384615,0.0,2205.724615384615,inf,228.83076923076922,299.41076923076923,528.2415384615384,0.7642703360960245,2434.5553846153844,299.41076923076923,2733.9661538461537
345171,1911.2115384615386,128.46153846153845,2039.6730769230771,14.877694610778445,241.48076923076925,206.04230769230773,447.523076923077,1.1719960426350076,2152.6923076923076,334.5038461538462,2487.1961538461537
345172,3047.571538461538,590.8215384615385,3638.3930769230765,5.158193024575948,528.2484615384615,49.84461538461538,578.0930769230769,10.597904256304206,3575.8199999999993,640.6661538461539,4216.486153846153
345173,1466.230769230769,171.41923076923075,1637.6499999999999,8.553478875451546,136.84615384615387,166.18538461538463,303.0315384615385,0.8234548071893761,1603.0769230769229,337.6046153846154,1940.6815384615384
345174,1118.0538461538458,593.7061538461538,1711.7599999999998,1.8831771220676372,108.86615384615382,216.72615384615384,325.59230769230766,0.5023212561758191,1226.9199999999996,810.4323076923076,2037.3523076923072
345175,3030.8407692307696,0.0,3030.8407692307696,inf,263.51461538461535,366.5815384615385,630.0961538461538,0.7188431160241396,3294.355384615385,366.5815384615385,3660.9369230769234
345177,1852.9323076923079,27.076923076923077,1880.009230769231,68.4321590909091,168.71153846153845,304.8161538461538,473.52769230769223,0.5534862123701298,2021.6438461538464,331.8930769230769,2353.5369230769234
345179,987.4692307692308,301.4230769230769,1288.8923076923077,3.2760239887712137,105.33076923076925,138.8215384615385,244.15230769230774,0.7587494735908858,1092.8,440.2446153846154,1533.0446153846153
345180,1587.6753846153845,0.0,1587.6753846153845,inf,37.20230769230769,213.57384615384615,250.77615384615385,0.1741894354681861,1624.877692307692,213.57384615384615,1838.4515384615383
345181,2224.3653846153848,0.0,2224.3653846153848,inf,150.51923076923077,321.92615384615385,472.4453846153846,0.4675582551182307,2374.8846153846157,321.92615384615385,2696.8107692307694
345182,1117.6823076923076,0.0,1117.6823076923076,inf,283.6392307692307,0.0,283.6392307692307,inf,1401.3215384615382,0.0,1401.3215384615382
345183,1580.980769230769,0.0,1580.980769230769,inf,109.90384615384616,228.30923076923074,338.21307692307687,0.4813815270786586,1690.8846153846152,228.30923076923074,1919.193846153846
345184,953.3461538461542,91.97153846153846,1045.3176923076926,10.36566496324114,74.46153846153845,138.37076923076924,212.8323076923077,0.53813055225092,1027.8076923076926,230.3423076923077,1258.1500000000003
345185,1518.0776923076924,0.0,1518.0776923076924,inf,69.15538461538462,247.28000000000003,316.43538461538463,0.2796642858920439,1587.233076923077,247.28000000000003,1834.513076923077
345186,3012.0,0.0,3012.0,inf,698.3269230769231,0.0,698.3269230769231,inf,3710.326923076923,0.0,3710.326923076923
345187,2151.937692307692,14.76923076923077,2166.706923076923,145.7041145833333,164.5884615384615,440.03461538461534,604.6230769230768,0.37403525946385335,2316.5261538461536,454.8038461538461,2771.33
345190,2144.9646153846156,26.711538461538463,2171.676153846154,80.30105111591072,230.57076923076932,342.99692307692305,573.5676923076924,0.6722240163625601,2375.535384615385,369.7084615384615,2745.2438461538463
345191,1898.5961538461538,0.0,1898.5961538461538,inf,420.0692307692308,4.331538461538461,424.40076923076924,96.97922216302612,2318.6653846153845,4.331538461538461,2322.996923076923
345193,1718.266153846154,11.429230769230768,1729.695384615385,150.3396150222103,186.4230769230769,195.54076923076926,381.96384615384613,0.9533719114251207,1904.689230769231,206.97000000000003,2111.659230769231
345194,1179.794615384615,0.0,1179.794615384615,inf,69.8223076923077,177.72153846153844,247.54384615384615,0.392874765190142,1249.6169230769228,177.72153846153844,1427.3384615384612
345195,2366.653846153846,0.0,2366.653846153846,inf,454.17923076923074,5.737692307692307,459.91692307692307,79.1571256200563,2820.833076923077,5.737692307692307,2826.570769230769
345196,1645.6646153846152,0.0,1645.6646153846152,inf,427.11538461538464,124.47923076923075,551.5946153846154,3.4312180592375627,2072.7799999999997,124.47923076923075,2197.2592307692303
345197,1850.480769230769,52.0,1902.480769230769,35.58616863905325,257.0,316.6446153846154,573.6446153846155,0.8116354661134297,2107.480769230769,368.6446153846154,2476.1253846153845
345198,2057.800000000001,810.3961538461539,2868.196153846155,2.539251932815386,327.8815384615385,261.34,589.2215384615386,1.2546167385839846,2385.6815384615397,1071.736153846154,3457.417692307694
345199,865.5915384615384,33.23076923076923,898.8223076923077,26.047893518518517,126.32692307692307,0.0,126.32692307692307,inf,991.9184615384615,33.23076923076923,1025.1492307692308
345201,1147.2753846153846,540.0607692307693,1687.336153846154,2.124344981120358,152.8969230769231,307.3669230769231,460.2638461538462,0.4974410439039284,1300.1723076923076,847.4276923076925,2147.6000000000004
345202,1553.576923076923,518.6307692307691,2072.207692307692,2.9955355818575544,271.34461538461534,4.884615384615384,276.2292307692307,55.55086614173228,1824.9215384615384,523.5153846153845,2348.436923076923
345203,1551.690769230769,0.0,1551.690769230769,inf,562.4961538461538,12.635384615384616,575.1315384615384,44.51753317910629,2114.186923076923,12.635384615384616,2126.8223076923077
345204,2048.7892307692305,22.923076923076923,2071.7123076923076,89.37671140939595,193.57153846153852,461.8838461538461,655.4553846153847,0.4190913799506704,2242.360769230769,484.806923076923,2727.167692307692
345205,2215.7623076923073,143.25,2359.0123076923073,15.467799704658342,194.06692307692308,252.74615384615385,446.8130769230769,0.7678333384058191,2409.8292307692304,395.99615384615385,2805.8253846153843
345206,1701.5030769230775,0.0,1701.5030769230775,inf,162.80923076923077,178.9053846153846,341.7146153846154,0.9100297965834971,1864.3123076923082,178.9053846153846,2043.2176923076927
345207,1989.5576923076928,0.0,1989.5576923076928,inf,348.34769230769234,11.388461538461538,359.73615384615385,30.58777440054036,2337.905384615385,11.388461538461538,2349.2938461538465
345208,887.1507692307695,201.08846153846144,1088.239230769231,4.411743779048642,98.49692307692307,199.01461538461538,297.51153846153846,0.49492306324622465,985.6476923076925,400.10307692307686,1385.7507692307695
345209,1097.6692307692306,63.910000000000004,1161.5792307692307,17.175234404150064,201.80307692307687,267.5807692307692,469.3838461538461,0.7541763090943064,1299.4723076923074,331.4907692307692,1630.9630769230766
345210,1660.1230769230767,57.00000000000002,1717.1230769230767,29.124966261808353,121.20769230769231,17.720769230769232,138.92846153846153,6.839866302035855,1781.330769230769,74.72076923076925,1856.0515384615383
345211,1867.2830769230768,0.0,1867.2830769230768,inf,124.59384615384614,249.0169230769231,373.6107692307692,0.5003428867979315,1991.876923076923,249.0169230769231,2240.893846153846
345212,1423.7884615384614,0.0,1423.7884615384614,inf,517.7499999999999,120.73076923076924,638.4807692307692,4.28846766486142,1941.5384615384614,120.73076923076924,2062.2692307692305
345213,2520.596153846154,0.0,2520.596153846154,inf,191.48076923076923,283.87538461538463,475.35615384615386,0.6745240327554344,2712.076923076923,283.87538461538463,2995.9523076923074
345215,1457.2076923076925,715.7307692307692,2172.9384615384615,2.0359718415820307,141.2976923076923,277.5184615384615,418.81615384615384,0.5091470006153437,1598.5053846153849,993.2492307692307,2591.7546153846156
345216,1308.269230769231,0.0,1308.269230769231,inf,369.4723076923077,3.730769230769231,373.20307692307694,99.03381443298969,1677.7415384615388,3.730769230769231,1681.472307692308
345217,2961.5392307692305,0.0,2961.5392307692305,inf,321.67615384615385,291.4861538461539,613.1623076923078,1.1035726726695025,3283.215384615384,291.4861538461539,3574.701538461538
345218,1862.1384615384611,195.04153846153844,2057.1799999999994,9.547394243435322,231.44923076923072,19.52923076923077,250.9784615384615,11.851425870489992,2093.5876923076917,214.5707692307692,2308.158461538461
345219,944.9107692307693,46.99999999999999,991.9107692307693,20.1044844517185,115.68230769230769,149.69923076923078,265.38153846153847,0.7727648772667245,1060.593076923077,196.69923076923078,1257.2923076923078
345221,1841.1830769230771,255.42153846153855,2096.6046153846155,7.2084096275237295,665.133846153846,6.801538461538462,671.9353846153845,97.791676091382,2506.316923076923,262.22307692307703,2768.54
345222,1934.1346153846152,33.73615384615384,1967.8707692307692,57.33121280525344,143.59615384615384,239.07692307692312,382.67307692307696,0.600627413127413,2077.730769230769,272.81307692307695,2350.543846153846
345223,1482.2884615384614,239.39923076923088,1721.6876923076923,6.191701020824561,297.49307692307696,4.713846153846154,302.2069230769231,63.11047650130549,1779.7815384615383,244.11307692307705,2023.8946153846152
345225,1574.9207692307693,199.97923076923075,1774.9,7.875421678405067,461.58076923076925,17.826923076923077,479.40769230769234,25.892340884573894,2036.5015384615385,217.80615384615382,2254.3076923076924
345226,1457.9853846153846,16.596153846153847,1474.5815384615385,87.85079953650057,110.41307692307693,180.33230769230767,290.7453846153846,0.6122756279006281,1568.3984615384616,196.9284615384615,1765.326923076923
345227,1665.429230769231,181.3023076923077,1846.7315384615388,9.1859240622335,158.5653846153846,224.7253846153846,383.29076923076923,0.7055962319822826,1823.9946153846156,406.0276923076923,2230.022307692308
345228,2165.2953846153846,0.0,2165.2953846153846,inf,117.8269230769231,300.80769230769226,418.63461538461536,0.3917018284106893,2283.122307692308,300.80769230769226,2583.9300000000003
345229,1260.0646153846153,220.96153846153842,1481.0261538461536,5.702642297650131,134.26615384615383,144.81307692307692,279.0792307692308,0.9271687108580291,1394.3307692307692,365.77461538461534,1760.1053846153845
345232,2603.673076923077,123.72076923076922,2727.3938461538464,21.044753383860684,490.1961538461539,5.475384615384615,495.6715384615385,89.52725484686711,3093.869230769231,129.19615384615383,3223.0653846153846
345233,1885.396153846154,0.0,1885.396153846154,inf,142.7646153846154,243.94461538461536,386.70923076923077,0.5852337226608816,2028.1607692307693,243.94461538461536,2272.1053846153845
345234,2115.788461538462,348.88769230769236,2464.676153846154,6.0643826313956,446.1730769230769,4.876153846153847,451.04923076923075,91.5010253983278,2561.961538461539,353.7638461538462,2915.7253846153853
345235,2557.0692307692307,0.0,2557.0692307692307,inf,232.54615384615389,155.41384615384618,387.96000000000004,1.496302675734268,2789.6153846153848,155.41384615384618,2945.0292307692307
345236,1815.7369230769232,153.23076923076917,1968.9676923076922,11.849688755020086,155.43615384615384,306.05461538461543,461.4907692307693,0.5078706414893268,1971.1730769230771,459.2853846153846,2430.458461538462
345237,1561.0323076923078,1711.1538461538462,3272.186153846154,0.9122688244549337,233.61461538461543,290.8861538461539,524.5007692307693,0.8031135628001439,1794.6469230769233,2002.04,3796.6869230769234
345238,2866.013076923077,74.09615384615385,2940.1092307692306,38.67964702828964,298.92923076923074,193.35,492.2792307692307,1.5460523960136061,3164.9423076923076,267.44615384615383,3432.3884615384613
345240,1768.9499999999998,52.415384615384625,1821.3653846153845,33.74867918990313,186.62000000000003,5.826923076923077,192.4469230769231,32.02719471947196,1955.57,58.242307692307705,2013.8123076923077
345241,1954.4423076923074,274.5792307692308,2229.021538461538,7.117953904295522,292.9230769230769,7.360000000000001,300.2830769230769,39.799331103678924,2247.3653846153843,281.9392307692308,2529.3046153846153
345242,739.0230769230772,161.37615384615387,900.399230769231,4.579506075151701,68.22538461538461,89.69384615384615,157.91923076923075,0.7606473302344728,807.2484615384618,251.07000000000002,1058.3184615384619
345243,1534.4376923076923,256.2353846153846,1790.673076923077,5.988391082718414,106.52615384615382,195.1776923076923,301.70384615384614,0.5457906207755456,1640.9638461538461,451.4130769230769,2092.376923076923
345245,1120.350769230769,0.0,1120.350769230769,inf,93.03999999999996,7.116153846153846,100.15615384615381,13.074478434763805,1213.390769230769,7.116153846153846,1220.5069230769227
345246,2168.530769230769,1.403846153846154,2169.934615384615,1544.706849315068,151.86230769230772,548.7315384615384,700.5938461538461,0.2767515570876049,2320.3930769230765,550.1353846153846,2870.528461538461
345247,1718.0746153846155,85.94307692307692,1804.0176923076924,19.990843671124004,853.5684615384615,9.692307692307692,863.2607692307693,88.0665873015873,2571.643076923077,95.63538461538461,2667.2784615384617
345249,2022.0184615384615,96.75230769230768,2118.770769230769,20.898917139722368,118.02153846153848,0.0,118.02153846153848,inf,2140.04,96.75230769230768,2236.7923076923075
345250,2553.348461538462,0.0,2553.348461538462,inf,655.1792307692307,7.213846153846156,662.3930769230768,90.82245681381954,3208.5276923076926,7.213846153846156,3215.7415384615388
345252,1540.2007692307693,200.98846153846162,1741.189230769231,7.663130298333235,326.34923076923076,0.0,326.34923076923076,inf,1866.5500000000002,200.98846153846162,2067.538461538462
345253,1072.2623076923073,3.0769230769230766,1075.3392307692304,348.4852499999999,147.95076923076923,390.9376923076924,538.8884615384616,0.3784510220987408,1220.2130769230766,394.01461538461547,1614.227692307692
345254,2602.288461538462,0.0,2602.288461538462,inf,638.7307692307692,1.0576923076923077,639.7884615384614,603.8909090909091,3241.019230769231,1.0576923076923077,3242.0769230769233
345255,1882.3392307692307,0.0,1882.3392307692307,inf,154.99076923076922,355.5207692307692,510.5115384615384,0.4359541907104854,2037.33,355.5207692307692,2392.850769230769
345258,1409.3415384615387,1.8461538461538463,1411.1876923076925,763.3933333333334,187.63153846153844,171.7523076923077,359.38384615384615,1.09245424985892,1596.973076923077,173.59846153846155,1770.5715384615387
345260,1942.4423076923076,0.0,1942.4423076923076,inf,583.6346153846155,8.384615384615385,592.0192307692308,69.60779816513762,2526.076923076923,8.384615384615385,2534.461538461538
345261,1300.070769230769,246.16153846153847,1546.2323076923074,5.281372457110714,287.4838461538462,17.293076923076924,304.7769230769231,16.624216004626128,1587.554615384615,263.4546153846154,1851.0092307692305
345262,868.9300000000001,405.6038461538461,1274.5338461538463,2.1423120323923497,197.70999999999998,6.326153846153846,204.03615384615384,31.252796692607,1066.64,411.92999999999995,1478.5700000000002
345263,1040.710769230769,543.7884615384614,1584.4992307692305,1.9138154684018815,132.24,212.63615384615386,344.8761538461539,0.6219074113599612,1172.950769230769,756.4246153846153,1929.3753846153845
345264,2139.592307692308,0.0,2139.592307692308,inf,612.7615384615384,210.99692307692308,823.7584615384615,2.9041254702948636,2752.3538461538465,210.99692307692308,2963.3507692307694
345265,2316.3723076923075,106.09846153846152,2422.470769230769,21.83228931036483,389.17999999999995,6.75923076923077,395.93923076923073,57.57755775577556,2705.5523076923073,112.85769230769229,2818.4099999999994
345266,1784.4938461538468,123.30615384615386,1907.8000000000006,14.47205829143221,0.0,0.0,0.0,,1784.4938461538468,123.30615384615386,1907.8000000000006
345267,1367.922307692308,0.0,1367.922307692308,inf,221.52307692307696,5.3076923076923075,226.83076923076928,41.73623188405798,1589.4453846153851,5.3076923076923075,1594.7530769230775
345268,1838.3846153846152,39.87307692307692,1878.2576923076922,46.10591299315134,140.65384615384613,199.49384615384614,340.1476923076923,0.7050535586214342,1979.0384615384614,239.36692307692306,2218.4053846153847
345269,1996.0192307692307,7.096153846153846,2003.1153846153845,281.2818428184282,162.82692307692304,257.3230769230769,420.1499999999999,0.6327723305034079,2158.846153846154,264.41923076923075,2423.2653846153844
345270,1492.4038461538462,137.04076923076926,1629.4446153846154,10.890217958720873,326.97769230769234,5.296153846153846,332.2738461538462,61.73870733478577,1819.3815384615386,142.3369230769231,1961.7184615384617
345273,974.5707692307692,0.0,974.5707692307692,inf,416.87461538461537,227.1207692307692,643.9953846153846,1.835475534873009,1391.4453846153847,227.1207692307692,1618.5661538461538
345277,1541.4999999999998,153.89307692307693,1695.3930769230767,10.016694908053042,247.85692307692307,30.62769230769231,278.4846153846154,8.092575848904962,1789.3569230769228,184.52076923076925,1973.877692307692
345278,929.0384615384614,0.0,929.0384615384614,inf,42.53846153846153,41.78384615384616,84.3223076923077,1.0180599790128682,971.576923076923,41.78384615384616,1013.3607692307692
345279,2881.3015384615387,99.66230769230768,2980.9638461538466,28.91064440688171,0.0,0.0,0.0,,2881.3015384615387,99.66230769230768,2980.9638461538466
345280,2058.326923076923,0.0,2058.326923076923,inf,193.59615384615384,215.64076923076925,409.23692307692306,0.897771578800926,2251.9230769230767,215.64076923076925,2467.563846153846
345281,1460.9030769230767,0.0,1460.9030769230767,inf,160.7246153846154,157.0192307692308,317.7438461538462,1.02359828536436,1621.627692307692,157.0192307692308,1778.6469230769228
345282,2119.040000000001,0.0,2119.040000000001,inf,155.2246153846154,289.8630769230769,445.0876923076923,0.5355101347585863,2274.2646153846163,289.8630769230769,2564.127692307693
345283,1032.7223076923078,1361.5161538461539,2394.2384615384617,0.7585090377186972,205.15384615384613,204.56692307692302,409.7207692307692,1.0028691005764525,1237.876153846154,1566.083076923077,2803.959230769231
345284,1971.4538461538466,339.41923076923075,2310.8730769230774,5.808315108386499,300.2269230769231,5.4423076923076925,305.66923076923075,55.16537102473498,2271.68076923077,344.86153846153843,2616.542307692308
345285,1057.1084615384616,478.2099999999999,1535.3184615384616,2.210552814743443,116.76153846153846,156.92307692307696,273.6846153846154,0.7440686274509802,1173.8700000000001,635.1330769230769,1809.003076923077
345286,1379.751538461538,767.8261538461539,2147.577692307692,1.796958245756751,176.3576923076923,165.93307692307692,342.29076923076923,1.0628242155085692,1556.1092307692304,933.7592307692308,2489.8684615384614
345288,1007.3799999999999,19.902307692307694,1027.2823076923075,50.61624086885942,394.1161538461538,191.2,585.3161538461538,2.061276955262311,1401.4961538461537,211.10230769230768,1612.5984615384614
345289,1317.5,0.0,1317.5,inf,129.46153846153848,152.0769230769231,281.53846153846155,0.8512898330804249,1446.9615384615386,152.0769230769231,1599.0384615384617
345291,2676.7884615384614,0.0,2676.7884615384614,inf,133.98076923076923,336.48692307692306,470.4676923076923,0.39817526341176823,2810.7692307692305,336.48692307692306,3147.2561538461537
345292,1496.8284615384619,0.0,1496.8284615384619,inf,136.80769230769232,279.38384615384615,416.19153846153847,0.4896764583602929,1633.6361538461542,279.38384615384615,1913.0200000000004
345293,1650.3661538461538,0.0,1650.3661538461538,inf,166.45153846153843,196.1330769230769,362.58461538461535,0.8486663293760515,1816.8176923076921,196.1330769230769,2012.950769230769
345294,1634.230769230769,218.63923076923078,1852.87,7.474554147858607,165.61538461538458,231.07153846153844,396.686923076923,0.7167277533098307,1799.8461538461536,449.7107692307692,2249.556923076923
345296,1971.4792307692305,259.7023076923078,2231.1815384615384,7.591304244800996,152.92538461538462,419.6961538461538,572.6215384615384,0.3643716608168914,2124.404615384615,679.3984615384616,2803.803076923077
345297,1251.1692307692308,38.346153846153854,1289.5153846153846,32.62828485456369,98.85384615384616,219.2530769230769,318.10692307692307,0.4508664030677581,1350.023076923077,257.59923076923076,1607.622307692308
345298,1774.9815384615385,0.0,1774.9815384615385,inf,385.20538461538456,0.0,385.20538461538456,inf,2160.186923076923,0.0,2160.186923076923
345301,2360.0192307692305,247.76923076923077,2607.7884615384614,9.525069854082581,224.17307692307693,221.94,446.11307692307696,1.0100616244168557,2584.1923076923076,469.70923076923077,3053.9015384615386
345302,1747.384615384615,167.10230769230768,1914.4869230769227,10.456974769026804,419.88307692307694,30.500769230769233,450.38384615384615,13.766311064033694,2167.267692307692,197.6030769230769,2364.870769230769
345303,1742.3476923076926,165.93153846153848,1908.2792307692312,10.500400999485423,503.6623076923077,14.884615384615385,518.5469230769231,33.83777777777778,2246.01,180.81615384615387,2426.8261538461543
345304,1269.1815384615386,0.5769230769230769,1269.7584615384617,2199.914666666667,113.71153846153848,90.96615384615384,204.67769230769233,1.2500422811527536,1382.8930769230772,91.54307692307692,1474.4361538461542
345305,1774.890769230769,0.0,1774.890769230769,inf,147.25076923076924,163.9723076923077,311.223076923077,0.8980221801054586,1922.1415384615382,163.9723076923077,2086.1138461538458
345306,1361.826923076923,0.0,1361.826923076923,inf,384.2115384615384,0.0,384.2115384615384,inf,1746.0384615384614,0.0,1746.0384615384614
345307,832.783076923077,1.1284615384615386,833.9115384615386,737.9809134287661,63.56923076923077,1.5615384615384615,65.13076923076923,40.70935960591133,896.3523076923078,2.6900000000000004,899.0423076923079
345309,803.0615384615385,24.95384615384615,828.0153846153846,32.18187422934649,219.00307692307695,0.0,219.00307692307695,inf,1022.0646153846154,24.95384615384615,1047.0184615384617
345310,2543.313076923077,0.0,2543.313076923077,inf,122.46153846153848,155.0669230769231,277.52846153846156,0.7897334649555775,2665.7746153846156,155.0669230769231,2820.8415384615387
345311,1311.4538461538464,357.6769230769232,1669.1307692307696,3.6665878102283966,157.54615384615386,18.365384615384617,175.91153846153847,8.578429319371727,1469.0000000000002,376.0423076923078,1845.042307692308
345312,828.1830769230769,717.1392307692305,1545.3223076923073,1.1548427995421986,330.06769230769237,4.16923076923077,334.2369230769231,79.16752767527674,1158.2507692307693,721.3084615384613,1879.5592307692305
345313,1228.7630769230768,115.75,1344.5130769230768,10.615663731516863,114.65384615384616,120.07307692307693,234.72692307692307,0.9548672282904642,1343.416923076923,235.82307692307694,1579.24
345314,2173.6346153846152,0.0,2173.6346153846152,inf,0.0,0.0,0.0,,2173.6346153846152,0.0,2173.6346153846152
345317,1476.8461538461538,182.87461538461542,1659.7207692307693,8.07573074447814,425.17307692307696,4.811538461538461,429.98461538461544,88.36530775379697,1902.0192307692307,187.6861538461539,2089.7053846153844
345319,1564.480769230769,42.71153846153846,1607.1923076923076,36.62899594777127,105.07692307692308,209.24692307692305,314.32384615384615,0.502167112097963,1669.5576923076922,251.9584615384615,1921.5161538461537
345321,1479.1815384615384,379.96153846153845,1859.143076923077,3.8929770219657858,142.14384615384617,361.47153846153856,503.61538461538476,0.3932366203956902,1621.3253846153846,741.433076923077,2362.7584615384617
345322,2221.478461538461,13.596153846153847,2235.074615384615,163.39021216407352,504.1984615384615,14.288461538461537,518.4869230769231,35.287106325706596,2725.6769230769223,27.884615384615383,2753.5615384615376
345323,1293.9330769230767,179.8176923076923,1473.750769230769,7.195805153082394,346.9807692307692,5.938461538461538,352.91923076923075,58.429404145077726,1640.913846153846,185.75615384615384,1826.6699999999998
345325,1957.549230769231,0.0,1957.549230769231,inf,0.0,0.0,0.0,,1957.549230769231,0.0,1957.549230769231
345326,348.40615384615387,1.0307692307692307,349.4369230769231,338.0059701492538,232.11153846153846,0.0,232.11153846153846,inf,580.5176923076923,1.0307692307692307,581.5484615384615
345328,1677.6469230769228,0.0,1677.6469230769228,inf,281.01,290.9107692307692,571.9207692307691,0.9659663021174879,1958.6569230769228,290.9107692307692,2249.567692307692
345329,1846.553846153846,0.0,1846.553846153846,inf,130.6592307692308,218.54615384615386,349.2053846153847,0.5978564640456162,1977.2130769230769,218.54615384615386,2195.7592307692307
345331,1690.311538461539,26.615384615384613,1716.9269230769235,63.50881502890176,180.62615384615384,254.89230769230767,435.5184615384615,0.7086371318203767,1870.9376923076927,281.5076923076923,2152.445384615385
345332,1648.3653846153845,468.2423076923076,2116.607692307692,3.5203256039361612,294.6730769230769,4.242307692307692,298.9153846153846,69.46056210335448,1943.0384615384614,472.48461538461527,2415.5230769230766
345333,1018.559230769231,433.053846153846,1451.613076923077,2.3520382968897113,340.20692307692303,20.095384615384614,360.30230769230764,16.92960496095544,1358.766153846154,453.1492307692306,1811.9153846153847
345335,2351.561538461538,556.9807692307692,2908.542307692307,4.2219797672893,201.98076923076923,351.51692307692304,553.4976923076922,0.5745975683411676,2553.542307692307,908.4976923076922,3462.039999999999
345336,1407.5592307692305,132.98615384615383,1540.5453846153844,10.584253999838038,368.96000000000004,48.985384615384625,417.9453846153847,7.532042524457844,1776.5192307692305,181.97153846153844,1958.4907692307688
345337,2759.633846153846,0.0,2759.633846153846,inf,188.78076923076924,354.36538461538464,543.1461538461539,0.5327291474466814,2948.4146153846154,354.36538461538464,3302.78
345339,905.5576923076923,278.2207692307693,1183.7784615384617,3.2548170102879,198.66692307692307,5.883846153846153,204.55076923076922,33.764805856974775,1104.2246153846154,284.10461538461544,1388.329230769231
345340,2102.5576923076924,0.0,2102.5576923076924,inf,475.9823076923077,5.515384615384616,481.4976923076923,86.30083682008367,2578.54,5.515384615384616,2584.0553846153844
345341,2589.703076923078,40.18076923076923,2629.883846153847,64.45130659519482,135.24846153846153,244.3638461538462,379.6123076923077,0.5534716516669655,2724.9515384615393,284.54461538461544,3009.496153846155
345342,1346.9976923076924,0.0,1346.9976923076924,inf,158.2423076923077,144.69923076923078,302.94153846153847,1.0935946711746911,1505.2400000000002,144.69923076923078,1649.939230769231
345343,2269.096153846154,65.3923076923077,2334.4884615384617,34.69974120691683,615.4399999999999,8.22923076923077,623.6692307692307,74.78706300243036,2884.536153846154,73.62153846153846,2958.1576923076923
345344,879.906923076923,346.0976923076922,1226.0046153846151,2.542365761556875,120.94846153846152,188.6723076923077,309.6207692307692,0.6410504170845666,1000.8553846153845,534.77,1535.6253846153845
345345,826.7961538461539,95.66153846153847,922.4576923076924,8.642931810871662,75.8123076923077,147.22153846153844,223.03384615384613,0.5149539156059942,902.6084615384616,242.8830769230769,1145.4915384615385
345348,1917.1084615384616,0.0,1917.1084615384616,inf,177.6123076923077,234.4746153846154,412.0869230769231,0.7574905599097164,2094.7207692307693,234.4746153846154,2329.1953846153847
345349,2749.604615384615,2.4646153846153847,2752.06923076923,1115.6323345817727,605.8807692307693,333.2453846153847,939.126153846154,1.8181220121924473,3355.485384615384,335.7100000000001,3691.1953846153842
345350,1889.3461538461538,126.74076923076922,2016.086923076923,14.90716969222459,508.5769230769231,6.057692307692308,514.6346153846154,83.95555555555555,2397.923076923077,132.79846153846154,2530.721538461539
345351,1406.6153846153848,203.39153846153843,1610.0069230769232,6.915800899364244,152.98076923076923,234.01923076923075,387.0,0.6537102473498234,1559.596153846154,437.4107692307692,1997.0069230769232
345353,2115.423076923077,0.0,2115.423076923077,inf,187.44230769230768,259.0192307692308,446.46153846153845,0.7236617417774147,2302.8653846153848,259.0192307692308,2561.8846153846157
345354,1114.356923076923,509.4038461538462,1623.7607692307693,2.187570689720261,118.75076923076924,162.98615384615385,281.73692307692306,0.7285942175361758,1233.1076923076923,672.3900000000001,1905.4976923076924
345355,1187.266923076923,62.442307692307686,1249.7092307692305,19.013821989528797,122.6376923076923,187.89769230769232,310.5353846153846,0.6526833342203407,1309.9046153846152,250.34,1560.2446153846151
345356,1460.2307692307693,0.0,1460.2307692307693,inf,141.21153846153845,171.43,312.64153846153846,0.8237271099663912,1601.4423076923076,171.43,1772.8723076923077
345357,1611.335384615384,0.0,1611.335384615384,inf,278.8,0.0,278.8,inf,1890.135384615384,0.0,1890.135384615384
345358,1087.1807692307693,66.16153846153847,1153.3423076923077,16.432217184048366,212.56692307692308,0.0,212.56692307692308,inf,1299.7476923076924,66.16153846153847,1365.9092307692308
345359,1659.47,727.5307692307691,2387.000769230769,2.2809619471552884,141.97153846153844,345.4823076923077,487.45384615384614,0.41093721820331436,1801.4415384615386,1073.0130769230768,2874.4546153846154
345362,1206.6876923076923,718.0561538461538,1924.743846153846,1.680492097789652,394.97384615384624,5.422307692307691,400.39615384615394,72.84238899134633,1601.6615384615384,723.4784615384615,2325.14
345363,1273.390769230769,391.28846153846155,1664.6792307692303,3.2543529758686773,305.0999999999999,148.9376923076923,454.03769230769217,2.0485076361307515,1578.4907692307688,540.2261538461538,2118.7169230769227
345365,1645.0176923076924,7.923076923076923,1652.9407692307693,207.6235922330097,337.45307692307694,18.51923076923077,355.9723076923077,18.22176531671859,1982.4707692307693,26.442307692307693,2008.913076923077
345366,1752.630769230769,268.6153846153846,2021.2461538461534,6.524684994272623,159.75923076923075,324.7453846153847,484.5046153846155,0.4919522750367742,1912.3899999999996,593.3607692307693,2505.750769230769
345367,778.4153846153844,104.49307692307696,882.9084615384613,7.44944457122665,102.09615384615387,6.326923076923077,108.42307692307695,16.136778115501524,880.5115384615383,110.82000000000004,991.3315384615383
345369,1925.1299999999999,0.0,1925.1299999999999,inf,443.5692307692308,0.0,443.5692307692308,inf,2368.699230769231,0.0,2368.699230769231
345370,1404.223076923077,342.93846153846147,1747.1615384615386,4.094679467049483,143.68461538461537,8.038461538461538,151.72307692307692,17.874641148325356,1547.9076923076925,350.976923076923,1898.8846153846155
345371,2126.0561538461534,0.0,2126.0561538461534,inf,320.8738461538462,0.0,320.8738461538462,inf,2446.9299999999994,0.0,2446.9299999999994
345372,1715.3838461538462,293.7307692307692,2009.1146153846155,5.839986905853084,159.81153846153848,385.9907692307691,545.8023076923075,0.4140294307556181,1875.1953846153847,679.7215384615383,2554.916923076923
345373,1210.9538461538461,107.77384615384614,1318.7276923076922,11.236064122878394,235.31230769230768,7.769230769230768,243.08153846153846,30.28772277227723,1446.2661538461539,115.54307692307691,1561.809230769231
345375,991.52,8.383076923076924,999.9030769230769,118.2763809873371,97.1230769230769,93.34307692307692,190.46615384615382,1.0404957724193624,1088.643076923077,101.72615384615385,1190.3692307692309
345377,1587.268461538461,0.0,1587.268461538461,inf,340.3384615384615,17.73076923076923,358.0692307692307,19.194793926247286,1927.6069230769226,17.73076923076923,1945.337692307692
345378,1385.7653846153844,0.0,1385.7653846153844,inf,279.2923076923077,0.0,279.2923076923077,inf,1665.0576923076922,0.0,1665.0576923076922
345380,3048.297692307693,0.0,3048.297692307693,inf,188.9046153846154,638.5892307692308,827.4938461538461,0.29581553568804314,3237.2023076923083,638.5892307692308,3875.791538461539
345381,1945.3846153846157,58.211538461538446,2003.596153846154,33.419226957383565,159.92307692307693,204.68615384615384,364.60923076923075,0.7813087202922299,2105.307692307693,262.8976923076923,2368.205384615385
345383,2775.4961538461534,0.0,2775.4961538461534,inf,219.6,373.9946153846154,593.5946153846154,0.5871742291641385,2995.0961538461534,373.9946153846154,3369.0907692307687
345384,1003.6446153846153,0.0,1003.6446153846153,inf,287.51461538461535,0.0,287.51461538461535,inf,1291.1592307692308,0.0,1291.1592307692308
345385,1049.2746153846156,17.40923076923077,1066.6838461538464,60.271164722516794,96.89153846153846,206.66,303.5515384615385,0.46884514885095546,1146.166153846154,224.06923076923076,1370.2353846153846
345386,415.4615384615383,0.0,415.4615384615383,inf,25.46076923076923,0.0,25.46076923076923,inf,440.9223076923075,0.0,440.9223076923075
345388,1791.3869230769233,0.0,1791.3869230769233,inf,103.14692307692307,149.51,252.65692307692308,0.6898998266130899,1894.5338461538463,149.51,2044.0438461538463
345389,2469.270769230769,0.0,2469.270769230769,inf,546.6646153846153,39.96153846153845,586.6261538461538,13.679769008662177,3015.9353846153845,39.96153846153845,3055.896923076923
345390,1303.2915384615385,27.375384615384615,1330.666923076923,47.608154434078905,371.52461538461534,187.16999999999996,558.6946153846153,1.9849581417140323,1674.8161538461538,214.54538461538456,1889.3615384615384
345391,2188.966153846153,0.0,2188.966153846153,inf,195.15846153846155,322.4315384615385,517.59,0.6052710056517663,2384.124615384614,322.4315384615385,2706.5561538461525
345392,1097.5961538461538,0.0,1097.5961538461538,inf,150.07692307692307,138.07692307692307,288.15384615384613,1.086908077994429,1247.673076923077,138.07692307692307,1385.75
345393,1773.1846153846152,48.592307692307685,1821.776923076923,36.491055880956154,537.1438461538461,11.634615384615383,548.7784615384614,46.16773553719008,2310.3284615384614,60.22692307692307,2370.5553846153844
345394,963.2076923076924,0.0,963.2076923076924,inf,265.5769230769231,12.923076923076923,278.5,20.550595238095237,1228.7846153846153,12.923076923076923,1241.7076923076922
345395,1870.673076923077,0.0,1870.673076923077,inf,109.62153846153846,220.37538461538463,329.9969230769231,0.4974309569685292,1980.2946153846153,220.37538461538463,2200.67
345396,676.5946153846154,129.75,806.3446153846154,5.214602045353491,103.68846153846152,183.24230769230766,286.9307692307692,0.5658543752492496,780.2830769230769,312.9923076923077,1093.2753846153846
345397,1101.2153846153847,0.0,1101.2153846153847,inf,275.9223076923077,20.76846153846154,296.69076923076926,13.285640208896625,1377.1376923076923,20.76846153846154,1397.9061538461538
345400,2509.076923076923,31.692307692307693,2540.7692307692305,79.16990291262135,200.96153846153845,490.2815384615384,691.2430769230768,0.40989007885579093,2710.0384615384614,521.9738461538461,3232.0123076923073
345401,2459.1015384615384,8.0,2467.1015384615384,307.3876923076923,139.56307692307695,525.1284615384616,664.6915384615386,0.26576940147978445,2598.6646153846154,533.1284615384616,3131.793076923077
345403,1457.4292307692308,263.4123076923076,1720.8415384615384,5.532882056793096,196.3723076923077,258.22615384615386,454.59846153846155,0.7604663771172555,1653.8015384615385,521.6384615384615,2175.44
345404,998.4523076923074,7.36923076923077,1005.8215384615381,135.48935281837154,212.55461538461535,3.3076923076923075,215.86230769230767,64.2606976744186,1211.0069230769227,10.676923076923078,1221.6838461538457
345405,1560.0761538461545,48.197692307692314,1608.2738461538468,32.36827489346762,460.88692307692327,2.380000000000001,463.26692307692326,193.64996767937947,2020.9630769230778,50.57769230769232,2071.54076923077
345406,688.2715384615385,345.0138461538462,1033.2853846153848,1.9949099032814734,86.51076923076923,172.5853846153846,259.0961538461538,0.5012635885916001,774.7823076923078,517.5992307692309,1292.3815384615386
345407,524.2923076923079,78.76923076923075,603.0615384615386,6.656054687500005,85.39153846153845,0.3076923076923077,85.69923076923075,277.5224999999999,609.6838461538463,79.07692307692305,688.7607692307694
345408,3015.7323076923076,0.0,3015.7323076923076,inf,922.2253846153847,16.456153846153846,938.6815384615385,56.041368671995514,3937.957692307692,16.456153846153846,3954.413846153846
345409,1192.4576923076916,180.70923076923077,1373.1669230769223,6.598764696367301,216.2546153846154,24.505384615384614,240.76,8.82477948331607,1408.712307692307,205.2146153846154,1613.9269230769223
345410,2165.2915384615385,115.90384615384615,2281.1953846153847,18.68179193628671,256.2523076923077,256.0730769230768,512.3253846153846,1.0006999203953202,2421.543846153846,371.97692307692296,2793.520769230769
345411,1045.826923076923,302.42769230769227,1348.2546153846154,3.4581056883272803,361.5230769230769,4.7384615384615385,366.26153846153846,76.29545454545455,1407.35,307.1661538461538,1714.5161538461537
345413,1514.1784615384615,0.0,1514.1784615384615,inf,493.7446153846154,199.24461538461537,692.9892307692307,2.478082604297771,2007.923076923077,199.24461538461537,2207.167692307692
345414,2096.473846153846,334.01769230769236,2430.4915384615383,6.276535328621467,176.02769230769232,258.02076923076925,434.04846153846154,0.6822229576032938,2272.501538461538,592.0384615384617,2864.54
345415,1662.4423076923076,0.0,1662.4423076923076,inf,152.30769230769232,355.4607692307692,507.7684615384615,0.42847961151181896,1814.75,355.4607692307692,2170.210769230769
345416,1010.3076923076924,0.0,1010.3076923076924,inf,120.36538461538461,38.46153846153846,158.82692307692307,3.1295,1130.673076923077,38.46153846153846,1169.1346153846155
345417,2242.137692307692,147.11307692307693,2389.2507692307686,15.24091358295816,530.7076923076922,1.4807692307692308,532.1884615384615,358.3999999999999,2772.8453846153843,148.59384615384616,2921.4392307692306
345418,886.7915384615386,803.6546153846156,1690.4461538461542,1.103448572913546,130.5453846153846,205.10153846153844,335.64692307692303,0.6364914938942062,1017.3369230769232,1008.756153846154,2026.0930769230772
345419,1698.9015384615382,40.60153846153847,1739.5030769230766,41.843279906028556,432.3869230769231,2.6923076923076925,435.0792307692308,160.60085714285714,2131.2884615384614,43.29384615384616,2174.5823076923075
345420,2002.6307692307687,489.16461538461544,2491.795384615384,4.093981261617135,404.45846153846156,3.3569230769230765,407.81538461538463,120.48487626031167,2407.08923076923,492.5215384615385,2899.6107692307687
345421,2609.458461538461,170.92000000000002,2780.378461538461,15.267133521755563,383.6507692307693,29.115384615384617,412.76615384615394,13.176908850726553,2993.10923076923,200.03538461538463,3193.144615384615
345423,943.1576923076925,140.9653846153846,1084.1230769230772,6.6907042099806295,92.07692307692307,247.20153846153846,339.27846153846156,0.37247714415518945,1035.2346153846156,388.16692307692307,1423.4015384615386
345425,887.9269230769232,0.0,887.9269230769232,inf,0.0,0.0,0.0,,887.9269230769232,0.0,887.9269230769232
345426,1007.5515384615381,0.0,1007.5515384615381,inf,141.46076923076922,152.4307692307692,293.8915384615384,0.9280329027048851,1149.0123076923073,152.4307692307692,1301.4430769230764
345428,1444.7284615384617,296.73384615384623,1741.462307692308,4.868768697148959,260.03615384615387,27.69230769230769,287.72846153846154,9.390194444444447,1704.7646153846156,324.4261538461539,2029.1907692307695
345429,1641.2230769230769,0.0,1641.2230769230769,inf,151.63153846153844,189.59461538461537,341.2261538461538,0.7997671144506701,1792.8546153846153,189.59461538461537,1982.4492307692306
345432,812.9707692307693,26.126923076923077,839.0976923076923,31.11620786103342,177.5276923076923,136.85076923076923,314.3784615384615,1.2972356188099332,990.4984615384616,162.9776923076923,1153.476153846154
345433,1745.2615384615385,0.0,1745.2615384615385,inf,147.7192307692308,172.03153846153847,319.75076923076927,0.8586752876261509,1892.9807692307693,172.03153846153847,2065.012307692308
345434,2798.307692307692,1344.1153846153845,4142.423076923076,2.0818954416688125,243.90384615384613,521.4423076923077,765.3461538461538,0.46774847870182545,3042.211538461538,1865.5576923076924,4907.7692307692305
345436,1439.6915384615388,0.0,1439.6915384615388,inf,119.61076923076924,307.83076923076925,427.44153846153847,0.38856014793342997,1559.302307692308,307.83076923076925,1867.1330769230772
345437,1425.4669230769232,0.0,1425.4669230769232,inf,249.98076923076928,0.0,249.98076923076928,inf,1675.4476923076925,0.0,1675.4476923076925
345438,1565.0653846153846,254.0769230769231,1819.1423076923077,6.159809264305177,338.5615384615384,37.61538461538461,376.176923076923,9.000613496932514,1903.626923076923,291.69230769230774,2195.3192307692307
345439,1710.4976923076922,0.0,1710.4976923076922,inf,136.39923076923077,264.1984615384615,400.5976923076923,0.5162756436012556,1846.896923076923,264.1984615384615,2111.0953846153843
345441,911.5384615384617,517.3076923076924,1428.846153846154,1.762081784386617,144.25000000000003,259.3976923076923,403.6476923076923,0.5560959263619569,1055.7884615384617,776.7053846153847,1832.4938461538463
345442,1054.1746153846154,0.6153846153846154,1054.79,1713.03375,133.03076923076924,200.24538461538458,333.2761538461538,0.6643387536061526,1187.2053846153847,200.8607692307692,1388.0661538461538
345443,2199.1846153846154,1446.1230769230767,3645.3076923076924,1.5207451222366435,406.5384615384615,328.68307692307695,735.2215384615384,1.2368706820692363,2605.723076923077,1774.8061538461536,4380.529230769231
345445,2899.250769230768,0.0,2899.250769230768,inf,165.3976923076923,274.55384615384617,439.95153846153846,0.6024235122716575,3064.6484615384607,274.55384615384617,3339.202307692307
345446,2338.258461538462,27.692307692307693,2365.9507692307698,84.43711111111114,161.7723076923077,525.6715384615384,687.443846153846,0.3077440870505566,2500.0307692307697,553.3638461538461,3053.394615384616
345447,1798.3953846153845,63.289230769230784,1861.6846153846152,28.415503913656465,167.4469230769231,227.9076923076923,395.3546153846154,0.7347137842581344,1965.8423076923077,291.1969230769231,2257.039230769231
345448,1824.856923076923,1010.096153846154,2834.953076923077,1.8066170395049972,220.9923076923077,299.95461538461535,520.946923076923,0.7367524830679514,2045.8492307692309,1310.0507692307694,3355.9000000000005
345449,1362.2307692307693,704.3076923076923,2066.5384615384614,1.9341415465268679,152.1553846153846,203.61384615384614,355.7692307692307,0.74727425216662,1514.3861538461538,907.9215384615384,2422.3076923076924
345450,968.7784615384617,0.0,968.7784615384617,inf,113.63076923076923,100.54846153846152,214.17923076923074,1.1301094764866542,1082.4092307692308,100.54846153846152,1182.9576923076922
345457,1593.9223076923076,16.38076923076923,1610.3030769230768,97.30448462080301,417.94538461538457,2.1453846153846152,420.0907692307692,194.81140193617784,2011.8676923076923,18.526153846153843,2030.3938461538462
345458,1892.1346153846152,0.0,1892.1346153846152,inf,698.7692307692307,16.692307692307693,715.4615384615385,41.86175115207373,2590.9038461538457,16.692307692307693,2607.5961538461534
345459,511.66846153846143,0.0,511.66846153846143,inf,206.05,0.0,206.05,inf,717.7184615384615,0.0,717.7184615384615
345460,1823.8007692307694,35.21153846153845,1859.0123076923078,51.7955434188968,454.67538461538464,3.4676923076923076,458.14307692307693,131.1175687666371,2278.476153846154,38.67923076923076,2317.1553846153847
345462,1627.8092307692305,0.0,1627.8092307692305,inf,242.5415384615384,0.0,242.5415384615384,inf,1870.350769230769,0.0,1870.350769230769
345463,1472.7776923076922,0.0,1472.7776923076922,inf,739.0376923076922,12.153076923076924,751.1907692307691,60.81074751566553,2211.8153846153846,12.153076923076924,2223.9684615384613
345464,1237.2253846153842,0.0,1237.2253846153842,inf,116.62846153846152,212.26384615384612,328.89230769230767,0.5494504299801046,1353.8538461538458,212.26384615384612,1566.1176923076919
345465,1533.832307692308,0.0,1533.832307692308,inf,166.45923076923077,236.9423076923077,403.4015384615385,0.702530638746855,1700.2915384615387,236.9423076923077,1937.2338461538463
345466,1403.5369230769227,0.0,1403.5369230769227,inf,109.26461538461538,157.52769230769232,266.7923076923077,0.6936216342914066,1512.801538461538,157.52769230769232,1670.3292307692304
345468,1445.4076923076923,31.684615384615377,1477.0923076923077,45.61859674678321,330.94923076923084,5.846153846153847,336.7953846153847,56.60973684210527,1776.356923076923,37.530769230769224,1813.8876923076923
345471,1671.9615384615383,97.9423076923077,1769.903846153846,17.070881602199094,145.82076923076923,148.0676923076923,293.88846153846157,0.9848250280536969,1817.7823076923075,246.01,2063.7923076923075
345472,1394.8115384615385,41.28461538461539,1436.0961538461538,33.785261784982296,199.08923076923077,11.05923076923077,210.14846153846153,18.002086666202963,1593.9007692307691,52.34384615384616,1646.2446153846154
345473,1242.7092307692305,0.0,1242.7092307692305,inf,129.41,177.77230769230766,307.18230769230763,0.7279536485738024,1372.1192307692306,177.77230769230766,1549.8915384615384
345475,1625.7884615384614,208.30769230769232,1834.0961538461538,7.804745199409157,208.48076923076925,89.42307692307693,297.9038461538462,2.3313978494623657,1834.2692307692307,297.7307692307693,2132.0
345477,1507.8115384615385,100.38615384615385,1608.1976923076923,15.020114634258478,160.30923076923077,209.09692307692305,369.4061538461538,0.7666742695695041,1668.1207692307692,309.4830769230769,1977.603846153846
345478,1764.9146153846154,246.03846153846155,2010.9530769230769,7.173328122557449,183.33307692307693,189.05,372.38307692307694,0.9697597298232051,1948.2476923076924,435.08846153846156,2383.336153846154
345479,3453.21,0.0,3453.21,inf,164.11538461538464,520.6853846153846,684.8007692307692,0.31519107212239494,3617.325384615385,520.6853846153846,4138.010769230769
345481,1685.711538461538,21.3,1707.011538461538,79.14138678223183,276.2507692307693,0.0,276.2507692307693,inf,1961.9623076923074,21.3,1983.2623076923073
345483,1514.096153846154,0.0,1514.096153846154,inf,361.9038461538462,0.0,361.9038461538462,inf,1876.0000000000002,0.0,1876.0000000000002
345487,1225.927692307692,0.0,1225.927692307692,inf,104.83076923076923,159.07384615384618,263.9046153846154,0.6590069440414708,1330.7584615384612,159.07384615384618,1489.8323076923075
345489,1940.8846153846157,0.0,1940.8846153846157,inf,146.6153846153846,283.5461538461538,430.1615384615384,0.5170776701663005,2087.5000000000005,283.5461538461538,2371.046153846154
345490,1643.1384615384611,0.0,1643.1384615384611,inf,75.98076923076924,271.96000000000004,347.94076923076926,0.27938214895855723,1719.1192307692304,271.96000000000004,1991.0792307692304
345491,1259.806923076923,0.8846153846153846,1260.6915384615386,1424.1295652173915,114.48076923076924,176.85076923076923,291.33153846153846,0.6473297782572008,1374.2876923076924,177.73538461538462,1552.023076923077
345492,3080.780769230769,0.0,3080.780769230769,inf,485.7292307692308,0.0,485.7292307692308,inf,3566.5099999999998,0.0,3566.5099999999998
345493,1582.293846153846,0.0,1582.293846153846,inf,126.34153846153848,311.2676923076923,437.60923076923075,0.40589351732864126,1708.6353846153845,311.2676923076923,2019.9030769230767
345494,1969.916923076923,0.0,1969.916923076923,inf,143.4146153846154,167.73000000000002,311.1446153846154,0.8550325844190984,2113.3315384615385,167.73000000000002,2281.0615384615385
345495,1678.6876923076925,0.0,1678.6876923076925,inf,204.51923076923077,131.84999999999997,336.36923076923074,1.551150783232695,1883.2069230769232,131.84999999999997,2015.056923076923
345496,1096.3153846153846,99.59230769230768,1195.9076923076923,11.008032748899359,227.85923076923075,1.9423076923076925,229.80153846153843,117.31366336633661,1324.1746153846152,101.53461538461538,1425.7092307692305
345499,2123.3846153846152,0.0,2123.3846153846152,inf,163.30769230769232,245.40461538461543,408.7123076923077,0.6654630030154282,2286.6923076923076,245.40461538461543,2532.096923076923
345500,726.093846153846,0.0,726.093846153846,inf,97.9723076923077,63.49769230769231,161.47,1.5429270597356657,824.0661538461537,63.49769230769231,887.563846153846
345501,2877.4646153846156,0.0,2877.4646153846156,inf,303.98153846153843,469.7923076923077,773.7738461538461,0.6470551634928691,3181.446153846154,469.7923076923077,3651.2384615384617
345502,1101.7046153846156,1012.3846153846155,2114.089230769231,1.08822733834815,107.79538461538462,312.4538461538462,420.24923076923085,0.3449961840517984,1209.5000000000002,1324.8384615384616,2534.338461538462
345503,1581.123076923077,0.0,1581.123076923077,inf,325.6876923076923,11.692307692307692,337.38,27.854868421052632,1906.8107692307692,11.692307692307692,1918.5030769230768
345505,2332.1630769230774,147.61615384615385,2479.779230769231,15.798833773664548,625.5969230769232,8.544615384615385,634.1415384615386,73.21534029528269,2957.7600000000007,156.16076923076923,3113.92076923077
345507,1529.173076923077,343.00384615384615,1872.176923076923,4.458180554153912,143.53846153846155,241.97846153846152,385.51692307692304,0.5931869333570694,1672.7115384615386,584.9823076923077,2257.693846153846
345508,1938.9676923076925,0.0,1938.9676923076925,inf,862.6792307692309,0.0,862.6792307692309,inf,2801.6469230769235,0.0,2801.6469230769235
345509,1336.4369230769228,329.74076923076916,1666.1776923076918,4.052992677231298,140.18076923076922,168.83846153846156,309.0192307692308,0.8302656157455919,1476.6176923076919,498.5792307692307,1975.1969230769225
345510,2258.2069230769234,539.8884615384613,2798.095384615385,4.182728626283208,76.51923076923077,238.2369230769231,314.7561538461539,0.3211896366900435,2334.7261538461544,778.1253846153844,3112.851538461539
345511,911.9423076923076,766.3069230769231,1678.2492307692307,1.1900483738690761,131.26923076923077,286.93307692307695,418.2023076923077,0.457490757694772,1043.2115384615383,1053.24,2096.4515384615383
345512,98.5,0.0,98.5,inf,6.992307692307692,53.832307692307694,60.824615384615385,0.12989054328255836,105.49230769230769,53.832307692307694,159.32461538461538
345513,2640.6461538461535,77.67307692307693,2718.3192307692307,33.99692993315176,177.86307692307696,351.79076923076923,529.6538461538462,0.505593359689326,2818.5092307692303,429.46384615384613,3247.9730769230764
345514,1174.75,142.93384615384613,1317.6838461538462,8.218837116686581,147.53846153846155,195.89153846153846,343.43,0.7531640350429398,1322.2884615384614,338.82538461538456,1661.113846153846
345515,1134.0615384615385,0.0,1134.0615384615385,inf,487.42538461538464,0.0,487.42538461538464,inf,1621.4869230769232,0.0,1621.4869230769232
345516,2283.1361538461542,0.0,2283.1361538461542,inf,354.7123076923077,32.111538461538466,386.8238461538462,11.04625703677087,2637.848461538462,32.111538461538466,2669.9600000000005
345518,1269.9615384615388,8.030769230769232,1277.992307692308,158.13697318007664,222.6846153846154,2.519230769230769,225.20384615384617,88.393893129771,1492.6461538461542,10.55,1503.1961538461542
345519,1050.546153846154,1266.4907692307693,2317.0369230769234,0.8294937313157253,299.6115384615385,5.461538461538463,305.07307692307694,54.85845070422535,1350.1576923076925,1271.9523076923078,2622.1100000000006
345520,854.4423076923075,218.28923076923078,1072.7315384615383,3.914266886558411,122.70615384615384,151.2615384615384,273.96769230769223,0.811218470301058,977.1484615384613,369.5507692307692,1346.6992307692306
345522,1334.9230769230767,0.0,1334.9230769230767,inf,120.51923076923077,289.5169230769231,410.03615384615387,0.4162769812844739,1455.4423076923074,289.5169230769231,1744.9592307692305
345523,1595.8653846153845,186.23692307692306,1782.1023076923075,8.569006393840766,139.40384615384616,204.06923076923076,343.4730769230769,0.6831203588525765,1735.2692307692307,390.30615384615385,2125.575384615385
345525,121.94999999999999,16.76923076923077,138.71923076923076,7.272247706422017,119.30692307692308,35.73461538461538,155.04153846153847,3.338693359164784,241.25692307692307,52.503846153846155,293.76076923076926
345526,1902.023846153846,0.0,1902.023846153846,inf,467.246923076923,2.1815384615384614,469.4284615384615,214.1822990126939,2369.270769230769,2.1815384615384614,2371.4523076923074
345528,1662.2238461538464,0.0,1662.2238461538464,inf,190.70769230769233,86.32307692307691,277.03076923076924,2.2092318659775447,1852.9315384615386,86.32307692307691,1939.2546153846156
345529,2035.711538461539,0.0,2035.711538461539,inf,183.5192307692308,324.39538461538467,507.91461538461544,0.5657270093001419,2219.23076923077,324.39538461538467,2543.6261538461545
345530,1699.8561538461536,0.0,1699.8561538461536,inf,108.54153846153847,0.0,108.54153846153847,inf,1808.397692307692,0.0,1808.397692307692
345531,2242.2461538461544,0.0,2242.2461538461544,inf,333.1315384615384,0.0,333.1315384615384,inf,2575.377692307693,0.0,2575.377692307693
345532,1016.646153846154,35.342307692307706,1051.9884615384617,28.765698117314173,121.57307692307694,4.71076923076923,126.28384615384617,25.807478772044423,1138.219230769231,40.05307692307694,1178.272307692308
345534,1907.0369230769231,386.3207692307692,2293.3576923076926,4.936407967073994,187.4653846153846,305.62769230769226,493.09307692307686,0.6133782681794844,2094.5023076923076,691.9484615384615,2786.450769230769
345535,2171.125384615384,3.596153846153846,2174.721538461538,603.7354010695186,207.86153846153846,320.7753846153847,528.6369230769232,0.647997160725933,2378.9869230769227,324.3715384615386,2703.358461538461
345537,1824.1738461538464,23.846153846153847,1848.0200000000002,76.49761290322581,158.69153846153847,161.3376923076923,320.02923076923076,0.9835986631003296,1982.8653846153848,185.18384615384613,2168.0492307692307
345538,2057.036923076923,0.0,2057.036923076923,inf,863.1453846153846,0.0,863.1453846153846,inf,2920.1823076923074,0.0,2920.1823076923074
345541,2310.756153846154,532.0269230769231,2842.7830769230773,4.343306801998164,81.96153846153845,372.77000000000004,454.7315384615385,0.21987160571274095,2392.7176923076927,904.7969230769231,3297.514615384616
345542,50.23076923076923,0.0,50.23076923076923,inf,0.0,0.0,0.0,,50.23076923076923,0.0,50.23076923076923
345543,1376.1153846153848,534.6461538461539,1910.7615384615387,2.5738806399631677,311.83153846153846,0.0,311.83153846153846,inf,1687.9469230769232,534.6461538461539,2222.593076923077
345544,3381.1707692307687,0.0,3381.1707692307687,inf,243.41999999999996,618.0192307692308,861.4392307692308,0.39387123875906266,3624.5907692307687,618.0192307692308,4242.61
345545,331.9153846153846,0.0,331.9153846153846,inf,164.46923076923076,1.0607692307692307,165.53,155.04713560551124,496.38461538461536,1.0607692307692307,497.44538461538457
345546,1576.2969230769231,0.0,1576.2969230769231,inf,108.1230769230768,59.84615384615385,167.96923076923065,1.806683804627247,1684.4199999999998,59.84615384615385,1744.2661538461537
345547,2988.9869230769227,2.423076923076923,2991.41,1233.5501587301587,183.78923076923076,436.71,620.4992307692307,0.4208496044726037,3172.7761538461536,439.1330769230769,3611.9092307692304
345548,2397.7615384615383,16.13846153846154,2413.8999999999996,148.57435653002855,138.06692307692308,432.15461538461545,570.2215384615386,0.3194850133766226,2535.8284615384614,448.293076923077,2984.1215384615384
345549,1447.0176923076922,422.753076923077,1869.7707692307692,3.4228436676073857,124.71153846153845,266.3853846153846,391.0969230769231,0.468162090204764,1571.7292307692305,689.1384615384616,2260.867692307692
345550,2256.723076923077,218.26923076923077,2474.992307692308,10.3391718061674,360.53846153846155,264.7715384615384,625.31,1.3616964407631547,2617.2615384615383,483.0407692307692,3100.3023076923073
345551,1620.2423076923076,0.0,1620.2423076923076,inf,271.2330769230769,0.0,271.2330769230769,inf,1891.4753846153844,0.0,1891.4753846153844
345552,1400.3461538461538,246.8592307692308,1647.2053846153847,5.672650560736887,148.51923076923077,0.0,148.51923076923077,inf,1548.8653846153845,246.8592307692308,1795.7246153846154
345553,1689.0769230769229,343.67538461538464,2032.7523076923076,4.914745130691304,156.65384615384616,142.25,298.9038461538462,1.1012572664593754,1845.730769230769,485.92538461538464,2331.6561538461538
345554,3107.821538461538,0.0,3107.821538461538,inf,195.70000000000005,366.37,562.07,0.5341594562873598,3303.5215384615376,366.37,3669.8915384615375
345555,2273.3392307692307,317.02,2590.3592307692306,7.170964704968869,1206.2476923076922,40.78846153846154,1247.0361538461536,29.57325789721829,3479.586923076923,357.80846153846153,3837.3953846153845
345556,2905.7669230769225,0.0,2905.7669230769225,inf,443.0692307692307,177.1969230769231,620.2661538461539,2.5004341106808585,3348.836153846153,177.1969230769231,3526.0330769230764
345557,1592.1823076923076,71.81615384615384,1663.9984615384615,22.170253103544308,153.69230769230768,147.15384615384613,300.8461538461538,1.0444328280188186,1745.8746153846153,218.96999999999997,1964.8446153846153
345558,2777.933076923077,0.0,2777.933076923077,inf,416.40692307692314,0.0,416.40692307692314,inf,3194.34,0.0,3194.34
345559,813.75,69.3453846153846,883.0953846153845,11.734739154067158,223.51923076923077,268.02769230769235,491.5469230769231,0.833940809790033,1037.2692307692307,337.37307692307695,1374.6423076923077
345560,2851.916923076923,0.0,2851.916923076923,inf,569.1084615384616,0.0,569.1084615384616,inf,3421.0253846153846,0.0,3421.0253846153846
345561,1580.653846153846,0.9230769230769231,1581.5769230769229,1712.3749999999998,138.32692307692307,291.1930769230769,429.52,0.47503506793008077,1718.980769230769,292.1161538461538,2011.0969230769228
345562,891.5992307692306,617.4423076923077,1509.0415384615385,1.4440203070981403,131.71461538461537,305.9207692307693,437.6353846153846,0.43055139968367867,1023.313846153846,923.363076923077,1946.676923076923
345563,1887.4307692307693,0.0,1887.4307692307693,inf,491.96923076923076,7.819230769230769,499.78846153846155,62.91785538612888,2379.4,7.819230769230769,2387.2192307692308
345564,414.0215384615385,4.923076923076923,418.9446153846154,84.09812500000001,105.10000000000001,123.4123076923077,228.51230769230773,0.851616844099828,519.1215384615385,128.33538461538464,647.4569230769232
345565,2416.9723076923074,0.0,2416.9723076923074,inf,302.82384615384615,284.7838461538462,587.6076923076923,1.063346289628571,2719.7961538461536,284.7838461538462,3004.58
345566,1950.7261538461537,0.0,1950.7261538461537,inf,592.4053846153846,0.0,592.4053846153846,inf,2543.131538461538,0.0,2543.131538461538
345567,2026.3076923076924,110.82615384615384,2137.133846153846,18.283659785943335,167.8846153846154,314.19153846153847,482.07615384615383,0.5343384363776138,2194.1923076923076,425.0176923076923,2619.21
345568,576.7369230769231,5.761538461538462,582.4984615384615,100.10120160213616,79.92846153846155,114.02615384615385,193.9546153846154,0.700966040179716,656.6653846153846,119.78769230769231,776.4530769230769
345569,1429.540769230769,1056.6346153846152,2486.1753846153842,1.352918736918737,208.00230769230768,424.9615384615384,632.9638461538461,0.4894614897275772,1637.5430769230766,1481.5961538461536,3119.1392307692304
345570,2140.6007692307685,18.126923076923077,2158.7276923076915,118.08958200721405,903.3515384615384,2.827692307692308,906.1792307692308,319.4659956474428,3043.952307692307,20.954615384615387,3064.9069230769223
345571,1345.5076923076922,0.0,1345.5076923076922,inf,291.4223076923077,0.0,291.4223076923077,inf,1636.9299999999998,0.0,1636.9299999999998
345572,527.4738461538461,0.0,527.4738461538461,inf,26.400000000000013,45.636923076923075,72.03692307692309,0.5784789644012948,553.8738461538461,45.636923076923075,599.5107692307691
345573,155.13153846153847,4.727692307692308,159.85923076923078,32.81337455255451,13.640769230769216,12.20230769230769,25.843076923076907,1.1178843850469637,168.7723076923077,16.93,185.7023076923077
345574,2172.079230769231,247.91384615384612,2419.993076923077,8.761427667179667,677.6330769230769,0.0,677.6330769230769,inf,2849.712307692308,247.91384615384612,3097.626153846154
345575,1254.423076923077,37.98076923076923,1292.4038461538462,33.02784810126582,116.65384615384615,205.9546153846154,322.60846153846154,0.5664055934653265,1371.076923076923,243.93538461538463,1615.0123076923078
345576,1472.6000000000001,240.8384615384615,1713.4384615384615,6.114471877096044,334.1146153846154,4.423076923076923,338.5376923076923,75.53895652173912,1806.7146153846156,245.26153846153844,2051.976153846154
345577,710.983846153846,0.0,710.983846153846,inf,293.96923076923076,0.0,293.96923076923076,inf,1004.9530769230768,0.0,1004.9530769230768
34A001,2203.0107692307693,177.14153846153846,2380.1523076923077,12.436443695610638,260.9423076923077,0.46153846153846156,261.40384615384613,565.3749999999999,2463.953076923077,177.6030769230769,2641.556153846154
